1, 16622798,
2, 3135121,
3, 3168401,
4, 3822476,
5, 3840822,
6, 3468345,
7, 3098002,
8, 3438906,
9, 2939710,
10, 5250518,
11, 3543012,
12, 3190161,
13, 9923333,
14, 3676130,
15, 3804130,
16, 3022909,
17, 5154518,
18, 3225574,
19, 3195708,
20, 3089468,
21, 4724015,
22, 3141948,
23, 3287867,
24, 3018642,
25, 3253307,
26, 3086909,
27, 4022581,
28, 3457252,
29, 3362959,
30, 6495521,
31, 3640717,
32, 3194854,
33, 3100562,
34, 3298106,
35, 2932883,
36, 3548557,
37, 4724442,
38, 4693722,
39, 3641997,
40, 3163281,
41, 3012669,
42, 7623191,
43, 3214054,
44, 3717943,
45, 4547377,
46, 5798779,
47, 4120287,
48, 3255440,
49, 3362960,
50, 3179067,
51, 4279005,
52, 3656077,
53, 4057994,
54, 2957203,
55, 2830057,
56, 5014573,
57, 2888510,
58, 4505137,
59, 2850110,
60, 4221832,
61, 2982375,
62, 3280613,
63, 3030589,
64, 3402639,
65, 2868457,
66, 2681578,
67, 5192918,
68, 4439857,
69, 3708556,
70, 3027176,
71, 3372772,
72, 5832913,
73, 2923923,
74, 3264400,
75, 3006696,
76, 19035153,
77, 6780532,
78, 3051496,
79, 3348879,
80, 2792511,
81, 2987923,
82, 2882964,
83, 2472087,
84, 3163708,
85, 3497359,
86, 2677311,
87, 2586859,
88, 3059175,
89, 2980669,
90, 3237947,
91, 3369360,
92, 6228430,
93, 3248613,
94, 3983328,
95, 3457252,
96, 3314746,
97, 2933310,
98, 3835703,
99, 3199120,
100, 5388330,
101, 2918803,
102, 3102695,
103, 3021629,
104, 3921888,
105, 23123012,
106, 4386524,
107, 4642522,
108, 3470479,
109, 6841117,
110, 3602744,
111, 2911123,
112, 3546852,
113, 3158161,
114, 3483705,
115, 2962323,
116, 4820867,
117, 8248680,
118, 3874529,
119, 3607011,
120, 3703863,
121, 3859169,
122, 2652138,
123, 2899603,
124, 3538744,
125, 5746727,
126, 3057895,
127, 3365946,
128, 4337032,
129, 4060980,
130, 3091602,
131, 5824806,
132, 6987890,
133, 3046801,
134, 3697463,
135, 3876236,
136, 6467788,
137, 4631002,
138, 5090945,
139, 4984280,
140, 4587483,
141, 4523483,
142, 3019496,
143, 3063442,
144, 3909515,
145, 2988775,
146, 2809577,
147, 3711543,
148, 3149628,
149, 3704717,
150, 3781942,
151, 3202107,
152, 5506942,
153, 3450852,
154, 2622273,
155, 2464406,
156, 3055335,
157, 3452132,
158, 3037415,
159, 4004660,
160, 2901310,
161, 4008927,
162, 2929896,
163, 2841150,
164, 2949523,
165, 2748565,
166, 2676885,
167, 3054908,
168, 3583544,
169, 2594539,
170, 3120188,
171, 2701204,
172, 3493091,
173, 2577899,
174, 2867177,
175, 2896617,
176, 2731498,
177, 2607339,
178, 3054056,
179, 2558272,
180, 2541632,
181, 2697365,
182, 3020776,
183, 3916341,
184, 2925203,
185, 3002002,
186, 2747711,
187, 3036989,
188, 3567758,
189, 2728938,
190, 2485313,
191, 2850110,
192, 3503332,
193, 6220322,
194, 2803177,
195, 2952083,
196, 2707604,
197, 2796778,
198, 3442319,
199, 2722111,
200, 2849683,
201, 2723391,
202, 3028455,
203, 2655125,
204, 3616824,
205, 2875710,
206, 2917523,
207, 2718698,
208, 2737471,
209, 2734058,
210, 12003316,
211, 4347698,
212, 4318258,
213, 3295546,
214, 3361680,
215, 4040928,
216, 3483705,
217, 4831961,
218, 4218846,
219, 3943221,
220, 3109095,
221, 5506516,
222, 3417999,
223, 7817323,
224, 4413404,
225, 2937576,
226, 2882110,
227, 2833897,
228, 2687125,
229, 2999442,
230, 2899176,
231, 3602744,
232, 3433785,
233, 3164988,
234, 3965408,
235, 3556238,
236, 3003283,
237, 3113361,
238, 3255441,
239, 3703863,
240, 8156947,
241, 3424399,
242, 3663757,
243, 3753783,
244, 3034855,
245, 16892450,
246, 3876236,
247, 2655125,
248, 3786636,
249, 3708557,
250, 2604779,
251, 2731498,
252, 2824510,
253, 2673471,
254, 2780564,
255, 3243921,
256, 2887230,
257, 6047525,
258, 3176507,
259, 3854048,
260, 4281991,
261, 2998589,
262, 2723818,
263, 2600086,
264, 3658637,
265, 3923168,
266, 2697791,
267, 3283173,
268, 2856936,
269, 3032295,
270, 3156454,
271, 3608291,
272, 3059601,
273, 3810529,
274, 2563393,
275, 2982376,
276, 3938528,
277, 3332667,
278, 2719551,
279, 2625259,
280, 4414685,
281, 12289607,
282, 4020021,
283, 3157308,
284, 2711871,
285, 2826217,
286, 2795497,
287, 3172241,
288, 3877089,
289, 3480291,
290, 2478486,
291, 2727657,
292, 2964883,
293, 2788244,
294, 2822377,
295, 40293220,
296, 2763925,
297, 3189734,
298, 3175654,
299, 4189406,
300, 2913683,
301, 2891070,
302, 2984509,
303, 4735108,
304, 2552299,
305, 4251272,
306, 3369786,
307, 3657357,
308, 3075388,
309, 2599232,
310, 2792511,
311, 3648824,
312, 5082412,
313, 3554104,
314, 3106961,
315, 2882537,
316, 3271654,
317, 4423644,
318, 3947488,
319, 7071943,
320, 2701631,
321, 3640718,
322, 3308773,
323, 2571926,
324, 2911976,
325, 3865995,
326, 3444878,
327, 2495553,
328, 3192721,
329, 4306311,
330, 3526798,
331, 3204241,
332, 3809249,
333, 2884670,
334, 3597624,
335, 3009256,
336, 3362106,
337, 2962750,
338, 3184188,
339, 3909089,
340, 2563393,
341, 2796777,
342, 3016509,
343, 2748138,
344, 3655651,
345, 2793791,
346, 2670058,
347, 3121895,
348, 3645837,
349, 3180348,
350, 3146641,
351, 3178641,
352, 4132660,
353, 2731498,
354, 2672618,
355, 3348453,
356, 4146739,
357, 4234632,
358, 3076242,
359, 3504612,
360, 3149628,
361, 3495225,
362, 3569464,
363, 3496932,
364, 3435066,
365, 2641472,
366, 3332240,
367, 3085628,
368, 2966163,
369, 2695231,
370, 2592405,
371, 2906856,
372, 2553580,
373, 3210641,
374, 3226001,
375, 3627491,
376, 3728183,
377, 3217894,
378, 3143655,
379, 3208934,
380, 2920510,
381, 2591979,
382, 2972563,
383, 2679872,
384, 5281237,
385, 3054482,
386, 3092881,
387, 3294267,
388, 2860777,
389, 4587482,
390, 3163708,
391, 3114215,
392, 3056188,
393, 3308347,
394, 2597952,
395, 3412452,
396, 3765730,
397, 3335653,
398, 2917523,
399, 3139815,
400, 3312187,
401, 3364239,
402, 3527652,
403, 3708557,
404, 2807871,
405, 2741311,
406, 2654699,
407, 2886804,
408, 3524665,
409, 3104828,
410, 2562113,
411, 4569136,
412, 3034429,
413, 2708885,
414, 4035381,
415, 2848403,
416, 2786537,
417, 3550265,
418, 4147593,
419, 3046375,
420, 3645838,
421, 3684663,
422, 3638584,
423, 2829204,
424, 2738325,
425, 3002002,
426, 3577145,
427, 2734485,
428, 3415439,
429, 3119335,
430, 2551872,
431, 4553776,
432, 5766353,
433, 3027602,
434, 4361778,
435, 70294470,
436, 2819817,
437, 3400079,
438, 3292987,
439, 3133842,
440, 2783124,
441, 3290853,
442, 3760183,
443, 3484131,
444, 2739605,
445, 2690111,
446, 3127868,
447, 2727231,
448, 3757623,
449, 3338213,
450, 2556139,
451, 4764122,
452, 4183006,
453, 2963602,
454, 3397519,
455, 3751649,
456, 3124881,
457, 4118153,
458, 2700778,
459, 2649152,
460, 2748991,
461, 2901736,
462, 3264401,
463, 3475599,
464, 2846697,
465, 3474318,
466, 4179593,
467, 6426828,
468, 3671437,
469, 2638912,
470, 3289147,
471, 10015065,
472, 4849027,
473, 4062261,
474, 4709935,
475, 4344285,
476, 3370213,
477, 2682431,
478, 2837737,
479, 3758476,
480, 2795497,
481, 3483705,
482, 3386425,
483, 3372346,
484, 2998589,
485, 3756343,
486, 3192294,
487, 2769897,
488, 3744823,
489, 2935443,
490, 2641472,
491, 2589846,
492, 3993568,
493, 3297254,
494, 3871115,
495, 4423218,
496, 4284979,
497, 3940662,
498, 3910368,
499, 2958910,
500, 3151335,
501, 2833897,
502, 3721356,
503, 3263974,
504, 3031869,
505, 2953362,
506, 2752405,
507, 3560078,
508, 2683284,
509, 3761463,
510, 2954216,
511, 2694378,
512, 2780564,
513, 4620763,
514, 2775017,
515, 2770324,
516, 4065248,
517, 2713578,
518, 3928715,
519, 3964127,
520, 2743018,
521, 2804031,
522, 2630378,
523, 4119433,
524, 2695658,
525, 5747580,
526, 3415439,
527, 3057895,
528, 2601792,
529, 3063015,
530, 3763169,
531, 4021727,
532, 2648725,
533, 3038269,
534, 3725624,
535, 2611606,
536, 24654307,
537, 2665791,
538, 3011389,
539, 3059175,
540, 2539073,
541, 3552398,
542, 2859070,
543, 3043389,
544, 7472579,
545, 2749417,
546, 2943976,
547, 2721685,
548, 2698645,
549, 4797828,
550, 2913256,
551, 2734911,
552, 2586006,
553, 2764778,
554, 3046802,
555, 2780138,
556, 2865470,
557, 2525846,
558, 2870163,
559, 2621845,
560, 2929896,
561, 18234305,
562, 3494372,
563, 4051167,
564, 2615018,
565, 4717188,
566, 2913683,
567, 2980243,
568, 3223867,
569, 2640192,
570, 4247859,
571, 4056714,
572, 2946536,
573, 3102268,
574, 2876990,
575, 3316879,
576, 3076668,
577, 2932030,
578, 2836458,
579, 2424300,
580, 3164561,
581, 2970429,
582, 3567332,
583, 4244445,
584, 3591651,
585, 3567758,
586, 3072829,
587, 13131414,
588, 2754965,
589, 2869737,
590, 2597099,
591, 2714431,
592, 2727658,
593, 2490860,
594, 2616299,
595, 2634645,
596, 2527980,
597, 2782271,
598, 3051495,
599, 2986216,
600, 3781516,
601, 2731498,
602, 2816830,
603, 4272605,
604, 3982048,
605, 3642424,
606, 4015328,
607, 3550691,
608, 3966261,
609, 3221307,
610, 4287538,
611, 4826414,
612, 3274214,
613, 4802948,
614, 3779383,
615, 4139486,
616, 3534905,
617, 3412879,
618, 2690965,
619, 3699170,
620, 3972661,
621, 2469953,
622, 3202534,
623, 2911550,
624, 2701632,
625, 3836982,
626, 2798057,
627, 3959008,
628, 2456300,
629, 3964127,
630, 3130428,
631, 2631232,
632, 2751977,
633, 2695231,
634, 4156126,
635, 3704290,
636, 12345500,
637, 3425679,
638, 3270800,
639, 2801044,
640, 2958056,
641, 2836031,
642, 3097575,
643, 3671010,
644, 2489580,
645, 4146313,
646, 2670485,
647, 3236240,
648, 2435393,
649, 2888937,
650, 4767962,
651, 4678362,
652, 3129148,
653, 3249893,
654, 3056615,
655, 2898323,
656, 3786210,
657, 2743444,
658, 2734485,
659, 2879123,
660, 2502807,
661, 2725525,
662, 2919230,
663, 2722965,
664, 3090322,
665, 2738324,
666, 2659819,
667, 3002002,
668, 2732351,
669, 3807116,
670, 2855230,
671, 3339920,
672, 2548460,
673, 2657685,
674, 2455874,
675, 2752405,
676, 4875907,
677, 3263120,
678, 2837310,
679, 2748564,
680, 4296499,
681, 2735764,
682, 2769898,
683, 2885097,
684, 3331813,
685, 3185041,
686, 2948669,
687, 2625686,
688, 2888510,
689, 3077522,
690, 3177361,
691, 2879123,
692, 3003709,
693, 2629526,
694, 3584398,
695, 2855231,
696, 3423119,
697, 3282320,
698, 2540352,
699, 2431981,
700, 2612459,
701, 2818538,
702, 2980243,
703, 2718271,
704, 2745151,
705, 2941843,
706, 4752175,
707, 4696709,
708, 2545046,
709, 3018216,
710, 2830910,
711, 3371493,
712, 2796351,
713, 3397945,
714, 2683285,
715, 3280186,
716, 2711871,
717, 2601365,
718, 3626637,
719, 3301946,
720, 2743445,
721, 2579179,
722, 2807870,
723, 4569136,
724, 2823658,
725, 3749089,
726, 3748663,
727, 2700778,
728, 3116775,
729, 3200401,
730, 3915488,
731, 3183761,
732, 3190161,
733, 2877843,
734, 2601793,
735, 3129148,
736, 3094162,
737, 3354000,
738, 2882536,
739, 2629952,
740, 2836030,
741, 2944403,
742, 2728938,
743, 3043388,
744, 2987496,
745, 2483607,
746, 3241360,
747, 2845844,
748, 3232827,
749, 2923070,
750, 2825364,
751, 5352063,
752, 2673045,
753, 2561686,
754, 2620993,
755, 2597525,
756, 3310907,
757, 2463127,
758, 2706752,
759, 3132988,
760, 2495553,
761, 2955923,
762, 2763924,
763, 4036660,
764, 2718271,
765, 2645311,
766, 2877843,
767, 3106961,
768, 2989202,
769, 2810857,
770, 3015656,
771, 3360399,
772, 2792511,
773, 3395386,
774, 3903968,
775, 2731071,
776, 2523713,
777, 2801897,
778, 2633792,
779, 2760938,
780, 2648299,
781, 3069415,
782, 2831337,
783, 2671339,
784, 2602219,
785, 2760085,
786, 2687125,
787, 2421740,
788, 3140668,
789, 2839870,
790, 4099807,
791, 3086482,
792, 2739605,
793, 3149628,
794, 2730645,
795, 2513046,
796, 2744724,
797, 2967016,
798, 3405199,
799, 3008829,
800, 2773738,
801, 3080508,
802, 3022482,
803, 3194000,
804, 3029736,
805, 3220880,
806, 2561259,
807, 3771703,
808, 3724770,
809, 2681578,
810, 3256294,
811, 2700351,
812, 2690538,
813, 2735765,
814, 2913683,
815, 2779711,
816, 2466113,
817, 2566806,
818, 3726476,
819, 2844137,
820, 2923923,
821, 2782698,
822, 4601563,
823, 2708458,
824, 2917950,
825, 3043388,
826, 3735863,
827, 3012243,
828, 2812991,
829, 2764777,
830, 2764351,
831, 2998162,
832, 2903443,
833, 2746431,
834, 2459713,
835, 3373626,
836, 2827071,
837, 2797631,
838, 3691916,
839, 2895337,
840, 2650858,
841, 3301947,
842, 2859070,
843, 2574486,
844, 3519971,
845, 2770324,
846, 2969149,
847, 3473039,
848, 5441236,
849, 2650432,
850, 3499918,
851, 2679445,
852, 2454167,
853, 3228560,
854, 2838590,
855, 3477732,
856, 3173948,
857, 2748138,
858, 2806164,
859, 4486364,
860, 3074535,
861, 3946208,
862, 2725524,
863, 3776823,
864, 2989203,
865, 2819817,
866, 2457580,
867, 3026749,
868, 2626112,
869, 2592406,
870, 3170961,
871, 2847550,
872, 4340018,
873, 36728022,
874, 2818111,
875, 2879550,
876, 2608192,
877, 2651712,
878, 7575832,
879, 14638815,
880, 3712823,
881, 2734911,
882, 2918376,
883, 2999442,
884, 3096722,
885, 3863862,
886, 2708458,
887, 2950376,
888, 3080082,
889, 3150054,
890, 2793364,
891, 2772457,
892, 3156455,
893, 2814270,
894, 2735764,
895, 3040828,
896, 2899603,
897, 2890217,
898, 2470380,
899, 2658112,
900, 2539073,
901, 3788770,
902, 3289574,
903, 4494044,
904, 4054581,
905, 3078802,
906, 2681578,
907, 3320293,
908, 4113887,
909, 3200827,
910, 2400408,
911, 2745578,
912, 4641243,
913, 2839443,
914, 2895763,
915, 3382586,
916, 3019069,
917, 2879123,
918, 2551872,
919, 2822377,
920, 2905576,
921, 2600513,
922, 2972562,
923, 3119335,
924, 3747810,
925, 2866750,
926, 3641144,
927, 3348026,
928, 2909417,
929, 3168827,
930, 2679872,
931, 2705045,
932, 2667499,
933, 3900128,
934, 3121468,
935, 3493092,
936, 2901737,
937, 2749844,
938, 2757525,
939, 3967541,
940, 3539171,
941, 2904296,
942, 2501100,
943, 2433260,
944, 3307067,
945, 2497260,
946, 2697792,
947, 2633792,
948, 2511766,
949, 3545144,
950, 2861630,
951, 3467492,
952, 2764351,
953, 2815124,
954, 2621419,
955, 2918377,
956, 2560406,
957, 3059601,
958, 3097575,
959, 3313040,
960, 2609046,
961, 4203486,
962, 2857363,
963, 2851817,
964, 3031868,
965, 2766484,
966, 3011389,
967, 2791231,
968, 2916670,
969, 2727658,
970, 4947160,
971, 3700450,
972, 2605632,
973, 2604779,
974, 2578752,
975, 2905150,
976, 2718698,
977, 2796351,
978, 3290000,
979, 2495126,
980, 3445305,
981, 3137681,
982, 3091174,
983, 2412781,
984, 2557846,
985, 2645312,
986, 2900884,
987, 5150251,
988, 3105255,
989, 4052873,
990, 4341724,
991, 2693525,
992, 2571073,
993, 2682005,
994, 3648824,
995, 3122748,
996, 2531393,
997, 3040402,
998, 2722965,
999, 2443500,
1000, 2447340,
1001, 3220454,
1002, 2733204,
1003, 2794644,
1004, 4132660,
1005, 2726805,
1006, 2569366,
1007, 2612886,
1008, 2862911,
1009, 2935869,
1010, 2520299,
1011, 2465260,
1012, 2783550,
1013, 3523384,
1014, 2825790,
1015, 2746858,
1016, 2745152,
1017, 4399325,
1018, 2428567,
1019, 2897896,
1020, 2697365,
1021, 3299387,
1022, 2871870,
1023, 2775017,
1024, 3661197,
1025, 2662805,
1026, 2973416,
1027, 2822804,
1028, 2852670,
1029, 2928616,
1030, 2650432,
1031, 2575339,
1032, 2864617,
1033, 2493846,
1034, 2630378,
1035, 3665037,
1036, 3090748,
1037, 2694805,
1038, 2678165,
1039, 2874856,
1040, 3055335,
1041, 2600085,
1042, 3059602,
1043, 4397617,
1044, 2746857,
1045, 2446487,
1046, 3412452,
1047, 3538744,
1048, 2830910,
1049, 2706325,
1050, 2832191,
1051, 2674325,
1052, 2558699,
1053, 3124454,
1054, 3497359,
1055, 2972135,
1056, 3466212,
1057, 3348026,
1058, 2824511,
1059, 3008829,
1060, 2479340,
1061, 2781844,
1062, 2452034,
1063, 4866947,
1064, 3686797,
1065, 2712725,
1066, 3586531,
1067, 2998162,
1068, 2781417,
1069, 2949096,
1070, 3373626,
1071, 2492566,
1072, 2975976,
1073, 2821097,
1074, 2698645,
1075, 3575011,
1076, 2892350,
1077, 2923923,
1078, 3537465,
1079, 2694805,
1080, 3433359,
1081, 2772884,
1082, 3016083,
1083, 2776297,
1084, 3487119,
1085, 4086580,
1086, 2618433,
1087, 3484132,
1088, 2461847,
1089, 2640618,
1090, 2678591,
1091, 3040402,
1092, 2651285,
1093, 3182480,
1094, 2868030,
1095, 3012242,
1096, 3679543,
1097, 2861630,
1098, 2659819,
1099, 2887230,
1100, 2729791,
1101, 5141718,
1102, 2786537,
1103, 2968296,
1104, 2743017,
1105, 3317307,
1106, 3544291,
1107, 3745250,
1108, 3215760,
1109, 2928190,
1110, 2775018,
1111, 2883817,
1112, 2985790,
1113, 2739604,
1114, 2676885,
1115, 3217894,
1116, 6414881,
1117, 4599003,
1118, 3026322,
1119, 2695232,
1120, 2605632,
1121, 3068988,
1122, 2807018,
1123, 2591552,
1124, 2647445,
1125, 2713151,
1126, 2811710,
1127, 3339919,
1128, 2972563,
1129, 3136401,
1130, 2680725,
1131, 3723917,
1132, 2852244,
1133, 3244347,
1134, 2812137,
1135, 2952083,
1136, 2516033,
1137, 2779711,
1138, 2836884,
1139, 3062161,
1140, 2670485,
1141, 3369360,
1142, 2839871,
1143, 2612033,
1144, 2981523,
1145, 2822377,
1146, 3211067,
1147, 3601464,
1148, 2827923,
1149, 2506646,
1150, 2697365,
1151, 3561358,
1152, 2855657,
1153, 2663658,
1154, 2824510,
1155, 2646592,
1156, 2683711,
1157, 3089895,
1158, 2502380,
1159, 4247859,
1160, 4875907,
1161, 2759231,
1162, 3367226,
1163, 2778858,
1164, 2904297,
1165, 3100135,
1166, 2554432,
1167, 2728085,
1168, 2463980,
1169, 2798484,
1170, 3603598,
1171, 4028554,
1172, 6220749,
1173, 3400932,
1174, 22926747,
1175, 2754538,
1176, 3609571,
1177, 3444879,
1178, 3852342,
1179, 3620237,
1180, 2985363,
1181, 4223965,
1182, 2886377,
1183, 2572353,
1184, 2993896,
1185, 2632085,
1186, 3329679,
1187, 3141095,
1188, 2739605,
1189, 3538745,
1190, 2769897,
1191, 2842004,
1192, 2737044,
1193, 2825364,
1194, 3014802,
1195, 3058748,
1196, 2706325,
1197, 3372346,
1198, 2755391,
1199, 2554433,
1200, 3548131,
1201, 2837737,
1202, 3192294,
1203, 2455446,
1204, 2621419,
1205, 2841577,
1206, 2630379,
1207, 2974695,
1208, 2734911,
1209, 3499065,
1210, 2620992,
1211, 3427812,
1212, 3301947,
1213, 3928715,
1214, 2626538,
1215, 2889790,
1216, 2766057,
1217, 3077096,
1218, 2877417,
1219, 3525092,
1220, 2846697,
1221, 2700351,
1222, 2995603,
1223, 4247432,
1224, 2856937,
1225, 8381798,
1226, 2792084,
1227, 2781418,
1228, 2918377,
1229, 2868030,
1230, 2747285,
1231, 2712298,
1232, 2821524,
1233, 2490860,
1234, 2435394,
1235, 3714103,
1236, 2938856,
1237, 2836457,
1238, 3712396,
1239, 2770324,
1240, 2696084,
1241, 2766911,
1242, 3222587,
1243, 2815550,
1244, 3841249,
1245, 2534379,
1246, 11029670,
1247, 4660015,
1248, 2921363,
1249, 3485839,
1250, 2988349,
1251, 2678165,
1252, 2652992,
1253, 2895336,
1254, 3246907,
1255, 2868457,
1256, 2457154,
1257, 2617152,
1258, 3861302,
1259, 3565624,
1260, 2826644,
1261, 3656077,
1262, 3167547,
1263, 2714005,
1264, 2917950,
1265, 2732778,
1266, 2960190,
1267, 3072402,
1268, 2665792,
1269, 4539696,
1270, 3502052,
1271, 3509731,
1272, 2949949,
1273, 2751124,
1274, 3427812,
1275, 2538647,
1276, 2991763,
1277, 2739178,
1278, 3499918,
1279, 2838164,
1280, 2409367,
1281, 2716565,
1282, 2783124,
1283, 3793036,
1284, 2687125,
1285, 2737044,
1286, 3060455,
1287, 4010207,
1288, 3479439,
1289, 3412026,
1290, 2729365,
1291, 2665365,
1292, 13151894,
1293, 2899603,
1294, 2920936,
1295, 3664610,
1296, 2839871,
1297, 2666645,
1298, 3098002,
1299, 2642752,
1300, 2559979,
1301, 4228233,
1302, 2711871,
1303, 2649578,
1304, 2484460,
1305, 2944829,
1306, 2898750,
1307, 2897470,
1308, 2445207,
1309, 2542912,
1310, 2521579,
1311, 3162428,
1312, 3444452,
1313, 4425777,
1314, 3591651,
1315, 2652566,
1316, 2613739,
1317, 2731925,
1318, 3397093,
1319, 2601792,
1320, 2583872,
1321, 2897043,
1322, 2926483,
1323, 2758805,
1324, 2786538,
1325, 2439233,
1326, 3050642,
1327, 3784076,
1328, 2911123,
1329, 2491713,
1330, 2748138,
1331, 2746431,
1332, 2725951,
1333, 2516033,
1334, 2711445,
1335, 2809577,
1336, 2858217,
1337, 2542913,
1338, 2791657,
1339, 3275920,
1340, 2597525,
1341, 2758377,
1342, 2663658,
1343, 3089468,
1344, 2510059,
1345, 2893204,
1346, 2514326,
1347, 2868456,
1348, 2821951,
1349, 2956349,
1350, 2995602,
1351, 3674424,
1352, 2793791,
1353, 3358693,
1354, 3607864,
1355, 2780137,
1356, 2940990,
1357, 3611704,
1358, 2943123,
1359, 3609997,
1360, 2809577,
1361, 2961043,
1362, 2918803,
1363, 2812137,
1364, 3745250,
1365, 2758805,
1366, 2716565,
1367, 2480619,
1368, 3147068,
1369, 2786537,
1370, 2740031,
1371, 2777151,
1372, 2709738,
1373, 4438150,
1374, 3538317,
1375, 3252454,
1376, 2667072,
1377, 3398799,
1378, 2840723,
1379, 3477732,
1380, 2774591,
1381, 2792510,
1382, 3096295,
1383, 3408186,
1384, 3333093,
1385, 2616725,
1386, 2749844,
1387, 4495750,
1388, 2848404,
1389, 3427813,
1390, 3467918,
1391, 2673898,
1392, 2818538,
1393, 3251173,
1394, 2918803,
1395, 3665037,
1396, 2708031,
1397, 2493419,
1398, 2478060,
1399, 2460140,
1400, 2956350,
1401, 2453313,
1402, 3004989,
1403, 2497259,
1404, 2742591,
1405, 3162854,
1406, 2512193,
1407, 4098100,
1408, 2909843,
1409, 2789525,
1410, 3512292,
1411, 3655650,
1412, 3356133,
1413, 2468247,
1414, 3377466,
1415, 2551020,
1416, 3411172,
1417, 3392399,
1418, 2618859,
1419, 2504513,
1420, 3654370,
1421, 2481473,
1422, 3080509,
1423, 2900030,
1424, 2716138,
1425, 2967442,
1426, 3376612,
1427, 2415767,
1428, 2815124,
1429, 4098527,
1430, 3081361,
1431, 3196561,
1432, 3601038,
1433, 2902163,
1434, 3357413,
1435, 3365519,
1436, 3501625,
1437, 2701631,
1438, 3074108,
1439, 3538318,
1440, 3315599,
1441, 2832190,
1442, 2728511,
1443, 2862910,
1444, 2428994,
1445, 3135548,
1446, 2812990,
1447, 2862911,
1448, 2870163,
1449, 3569464,
1450, 2609473,
1451, 2648725,
1452, 3007548,
1453, 2743871,
1454, 3320720,
1455, 3086055,
1456, 2919229,
1457, 2882963,
1458, 3010109,
1459, 2760084,
1460, 2935870,
1461, 2865470,
1462, 2590699,
1463, 3676131,
1464, 3419705,
1465, 2812564,
1466, 2630805,
1467, 3398799,
1468, 3310479,
1469, 3217041,
1470, 3318586,
1471, 3004136,
1472, 4343431,
1473, 2722965,
1474, 4400605,
1475, 2536939,
1476, 2487446,
1477, 3777676,
1478, 2943976,
1479, 2844563,
1480, 3437626,
1481, 2826644,
1482, 2827924,
1483, 2481047,
1484, 3406906,
1485, 3078801,
1486, 2816404,
1487, 2862910,
1488, 2599232,
1489, 2705471,
1490, 2497259,
1491, 3762316,
1492, 2543766,
1493, 2564246,
1494, 3494372,
1495, 2700778,
1496, 2680298,
1497, 3078375,
1498, 2676885,
1499, 2777151,
1500, 3166694,
1501, 2798057,
1502, 2880830,
1503, 3445732,
1504, 2803178,
1505, 4339164,
1506, 2961469,
1507, 2830057,
1508, 3061735,
1509, 4337032,
1510, 3748663,
1511, 2431980,
1512, 4031541,
1513, 3051496,
1514, 3098855,
1515, 3107815,
1516, 3458532,
1517, 2746431,
1518, 3519972,
1519, 2933736,
1520, 2688832,
1521, 3049788,
1522, 2702485,
1523, 2711445,
1524, 4277725,
1525, 2862483,
1526, 2489153,
1527, 2442647,
1528, 2426007,
1529, 2725951,
1530, 2580459,
1531, 4110474,
1532, 2879550,
1533, 2447341,
1534, 3644557,
1535, 3866422,
1536, 2691392,
1537, 3100562,
1538, 2543766,
1539, 2808723,
1540, 3034856,
1541, 3782796,
1542, 3667597,
1543, 3899702,
1544, 2814697,
1545, 2612886,
1546, 2825790,
1547, 3391972,
1548, 2894057,
1549, 2911550,
1550, 3113361,
1551, 2833043,
1552, 2933736,
1553, 3135974,
1554, 2757097,
1555, 2647872,
1556, 2667499,
1557, 2500246,
1558, 2819391,
1559, 2890216,
1560, 3223014,
1561, 2746858,
1562, 2849257,
1563, 2644032,
1564, 2539500,
1565, 4280285,
1566, 2547179,
1567, 2862910,
1568, 4027274,
1569, 3048935,
1570, 2646165,
1571, 2792084,
1572, 3241787,
1573, 3101842,
1574, 2942270,
1575, 3357839,
1576, 3097148,
1577, 2782271,
1578, 3604877,
1579, 2532672,
1580, 2925629,
1581, 3458532,
1582, 2900030,
1583, 2622272,
1584, 2774165,
1585, 2737471,
1586, 2795497,
1587, 2817684,
1588, 3258000,
1589, 2929469,
1590, 2603072,
1591, 3572451,
1592, 2702485,
1593, 2826644,
1594, 2556566,
1595, 3730743,
1596, 7040796,
1597, 2746858,
1598, 2955069,
1599, 3030163,
1600, 2716138,
1601, 2863337,
1602, 2786111,
1603, 2789524,
1604, 2614165,
1605, 2868030,
1606, 2560406,
1607, 2687125,
1608, 2649578,
1609, 2423021,
1610, 2775018,
1611, 3629197,
1612, 2797631,
1613, 3647544,
1614, 2890217,
1615, 3704717,
1616, 3012242,
1617, 3526371,
1618, 2769898,
1619, 2929043,
1620, 2767764,
1621, 2837737,
1622, 2830483,
1623, 3622370,
1624, 2663659,
1625, 2889790,
1626, 2574485,
1627, 3729037,
1628, 2689258,
1629, 2766057,
1630, 3565624,
1631, 2710591,
1632, 2514327,
1633, 2725952,
1634, 2935016,
1635, 3156028,
1636, 3164134,
1637, 2817684,
1638, 3615971,
1639, 2803604,
1640, 2901736,
1641, 3115068,
1642, 3212774,
1643, 2707605,
1644, 2900030,
1645, 2626539,
1646, 3279333,
1647, 2652565,
1648, 3628344,
1649, 2636778,
1650, 5427582,
1651, 2679444,
1652, 2764351,
1653, 2967870,
1654, 2880403,
1655, 2454593,
1656, 2873150,
1657, 2673472,
1658, 2684565,
1659, 2459713,
1660, 2720831,
1661, 2541206,
1662, 3283600,
1663, 2647871,
1664, 3025469,
1665, 3448719,
1666, 2994749,
1667, 2775870,
1668, 2745577,
1669, 2976403,
1670, 3143655,
1671, 3767863,
1672, 2855656,
1673, 2842004,
1674, 4781188,
1675, 3468771,
1676, 3590798,
1677, 2939283,
1678, 3674424,
1679, 3160721,
1680, 3542584,
1681, 3044668,
1682, 2979816,
1683, 2748991,
1684, 2527553,
1685, 2440087,
1686, 2643179,
1687, 2633366,
1688, 2667499,
1689, 2761364,
1690, 2903016,
1691, 2844137,
1692, 2935443,
1693, 2795924,
1694, 2656406,
1695, 2867604,
1696, 2694805,
1697, 2758378,
1698, 2683285,
1699, 2771177,
1700, 3050642,
1701, 2792937,
1702, 3300667,
1703, 3153894,
1704, 3081788,
1705, 3899701,
1706, 2745151,
1707, 2745151,
1708, 3551545,
1709, 3069842,
1710, 2797631,
1711, 3532344,
1712, 2711018,
1713, 2589846,
1714, 2833471,
1715, 3226001,
1716, 2420461,
1717, 2884243,
1718, 2545046,
1719, 2712725,
1720, 3665037,
1721, 3721783,
1722, 2850110,
1723, 2729365,
1724, 2414487,
1725, 4151859,
1726, 2794218,
1727, 3630477,
1728, 3703010,
1729, 3545145,
1730, 2628672,
1731, 3671010,
1732, 2494273,
1733, 3622371,
1734, 2862910,
1735, 2473366,
1736, 3340346,
1737, 2501100,
1738, 2623978,
1739, 3777676,
1740, 2908990,
1741, 2606486,
1742, 2819391,
1743, 2859497,
1744, 3057042,
1745, 4277726,
1746, 3458958,
1747, 2841150,
1748, 3042109,
1749, 2865897,
1750, 3004563,
1751, 2543766,
1752, 3208081,
1753, 3846369,
1754, 2660672,
1755, 5798353,
1756, 3743116,
1757, 2740031,
1758, 2792938,
1759, 3476452,
1760, 3702157,
1761, 2586859,
1762, 3698744,
1763, 2610752,
1764, 2779711,
1765, 2897044,
1766, 2893203,
1767, 3543012,
1768, 2985789,
1769, 2650859,
1770, 2454593,
1771, 2687978,
1772, 3667597,
1773, 2612459,
1774, 2459286,
1775, 3561357,
1776, 2652991,
1777, 2745578,
1778, 2793791,
1779, 2630805,
1780, 2990909,
1781, 2479766,
1782, 3593357,
1783, 2868030,
1784, 2449900,
1785, 2541632,
1786, 3405199,
1787, 2455020,
1788, 2964883,
1789, 3140241,
1790, 2662805,
1791, 3200401,
1792, 2452886,
1793, 2508353,
1794, 2558272,
1795, 2474647,
1796, 2844990,
1797, 3044242,
1798, 2416193,
1799, 2518166,
1800, 2513899,
1801, 2629952,
1802, 2559126,
1803, 3090322,
1804, 2934589,
1805, 2655978,
1806, 3082215,
1807, 2478914,
1808, 2443073,
1809, 2466966,
1810, 2455874,
1811, 2538646,
1812, 3632611,
1813, 2918803,
1814, 2893203,
1815, 2556566,
1816, 3797730,
1817, 3129147,
1818, 2996456,
1819, 2983656,
1820, 2748565,
1821, 3499491,
1822, 12399687,
1823, 3503331,
1824, 3804983,
1825, 3676130,
1826, 2617152,
1827, 2681578,
1828, 2634218,
1829, 2778431,
1830, 2814271,
1831, 3080935,
1832, 3444025,
1833, 3216188,
1834, 2686272,
1835, 3445732,
1836, 2568513,
1837, 2625685,
1838, 2592406,
1839, 2750698,
1840, 3798156,
1841, 2827924,
1842, 3004136,
1843, 2910270,
1844, 2823231,
1845, 2653418,
1846, 2900883,
1847, 2735765,
1848, 3446159,
1849, 7498179,
1850, 2940563,
1851, 3249894,
1852, 2804884,
1853, 3754636,
1854, 2804458,
1855, 2559552,
1856, 2603499,
1857, 3030162,
1858, 2722111,
1859, 2782271,
1860, 3780663,
1861, 3598904,
1862, 3772556,
1863, 2755391,
1864, 2880830,
1865, 3018642,
1866, 3655224,
1867, 2972562,
1868, 2879123,
1869, 2833043,
1870, 4509403,
1871, 2690965,
1872, 3729464,
1873, 2653418,
1874, 2999869,
1875, 2466114,
1876, 3689783,
1877, 2583872,
1878, 2808297,
1879, 2585152,
1880, 3144081,
1881, 2429847,
1882, 2475073,
1883, 2726377,
1884, 2443927,
1885, 2591979,
1886, 2620565,
1887, 2482326,
1888, 2751551,
1889, 3344613,
1890, 2594113,
1891, 2474647,
1892, 2582166,
1893, 3224721,
1894, 2440513,
1895, 2468247,
1896, 2471233,
1897, 2461846,
1898, 3105255,
1899, 2675178,
1900, 2734911,
1901, 2697792,
1902, 2555713,
1903, 2598806,
1904, 3880502,
1905, 2460993,
1906, 2520300,
1907, 2863763,
1908, 2503659,
1909, 3022482,
1910, 2429421,
1911, 2655125,
1912, 2463980,
1913, 3141095,
1914, 2927763,
1915, 2723392,
1916, 2472513,
1917, 2598806,
1918, 3470052,
1919, 2478914,
1920, 3267387,
1921, 2542486,
1922, 2681152,
1923, 2691392,
1924, 2855230,
1925, 3861302,
1926, 2566379,
1927, 2693099,
1928, 2696085,
1929, 2428994,
1930, 2554859,
1931, 3327973,
1932, 2557420,
1933, 2523713,
1934, 3160294,
1935, 2487019,
1936, 2642325,
1937, 2794217,
1938, 2463127,
1939, 2455447,
1940, 2750697,
1941, 3630904,
1942, 2490860,
1943, 2622272,
1944, 3624078,
1945, 3815222,
1946, 3281467,
1947, 2685419,
1948, 2519873,
1949, 2513899,
1950, 2531393,
1951, 2763924,
1952, 2441793,
1953, 2758378,
1954, 2924349,
1955, 6707999,
1956, 11057404,
1957, 2864617,
1958, 6077391,
1959, 3051495,
1960, 2711871,
1961, 2594539,
1962, 2420887,
1963, 2721258,
1964, 2452887,
1965, 2552726,
1966, 2484034,
1967, 2465687,
1968, 3128295,
1969, 2895336,
1970, 2462273,
1971, 2891070,
1972, 2665792,
1973, 2468246,
1974, 2512620,
1975, 2420887,
1976, 2451607,
1977, 2460567,
1978, 3990155,
1979, 2459713,
1980, 2527126,
1981, 2403820,
1982, 2625686,
1983, 3684237,
1984, 2440513,
1985, 3199974,
1986, 2529260,
1987, 2535659,
1988, 2501953,
1989, 3861729,
1990, 2682858,
1991, 4275165,
1992, 2668778,
1993, 4396337,
1994, 3560078,
1995, 2692672,
1996, 2635499,
1997, 2673045,
1998, 4410418,
1999, 2461847,
2000, 2935443,
2001, 4322525,
2002, 2877843,
2003, 3586104,
2004, 3840822,
2005, 2752404,
2006, 3835275,
2007, 2713578,
2008, 4177886,
2009, 2570646,
2010, 3720930,
2011, 2492566,
2012, 2440514,
2013, 3043816,
2014, 2425154,
2015, 2617579,
2016, 2982376,
2017, 2850110,
2018, 2461420,
2019, 2753685,
2020, 2459287,
2021, 3021202,
2022, 2583445,
2023, 3627064,
2024, 3721783,
2025, 3539598,
2026, 2562966,
2027, 3582264,
2028, 2969150,
2029, 4414684,
2030, 2638912,
2031, 2612885,
2032, 3138108,
2033, 2489153,
2034, 2495980,
2035, 2734911,
2036, 2455873,
2037, 2550592,
2038, 2440514,
2039, 2539500,
2040, 3066429,
2041, 2675178,
2042, 3467918,
2043, 2603499,
2044, 2733205,
2045, 3729463,
2046, 8528571,
2047, 2787817,
2048, 3319439,
2049, 3332240,
2050, 4215859,
2051, 2824084,
2052, 2647018,
2053, 2466966,
2054, 2443927,
2055, 2469100,
2056, 3040828,
2057, 2536939,
2058, 2696938,
2059, 2510913,
2060, 2476779,
2061, 2444353,
2062, 2572353,
2063, 2942696,
2064, 2481047,
2065, 2389314,
2066, 3025042,
2067, 2472086,
2068, 3377465,
2069, 2476780,
2070, 2438380,
2071, 2602219,
2072, 2527552,
2073, 4758575,
2074, 2730644,
2075, 3613837,
2076, 3270374,
2077, 2474220,
2078, 2516033,
2079, 2753684,
2080, 2563393,
2081, 2879124,
2082, 2828777,
2083, 2505366,
2084, 3244773,
2085, 2421314,
2086, 2725098,
2087, 2424727,
2088, 2956349,
2089, 2604779,
2090, 3172668,
2091, 2830484,
2092, 2773310,
2093, 2502807,
2094, 3097149,
2095, 3368506,
2096, 2484886,
2097, 2720404,
2098, 2548033,
2099, 2665365,
2100, 2920083,
2101, 2497687,
2102, 2628246,
2103, 2466113,
2104, 2460993,
2105, 2591552,
2106, 2489153,
2107, 2858643,
2108, 2559980,
2109, 2430701,
2110, 2487020,
2111, 2506647,
2112, 3670583,
2113, 2580459,
2114, 2459286,
2115, 2967442,
2116, 2575766,
2117, 2571499,
2118, 2436674,
2119, 2465260,
2120, 2528406,
2121, 2760511,
2122, 2623125,
2123, 2463554,
2124, 2490007,
2125, 3604877,
2126, 2435393,
2127, 4081887,
2128, 2908990,
2129, 2741311,
2130, 2455874,
2131, 2678165,
2132, 5086679,
2133, 2805311,
2134, 13222293,
2135, 4195379,
2136, 3653091,
2137, 3195281,
2138, 2563393,
2139, 3446159,
2140, 2790378,
2141, 3174801,
2142, 2920083,
2143, 2973415,
2144, 2834324,
2145, 2945256,
2146, 2891923,
2147, 3617251,
2148, 2904723,
2149, 2970430,
2150, 3740556,
2151, 2723818,
2152, 2655125,
2153, 2679019,
2154, 3194428,
2155, 3942794,
2156, 2824084,
2157, 3393679,
2158, 3115922,
2159, 2752405,
2160, 2406807,
2161, 2744725,
2162, 3402212,
2163, 2756671,
2164, 3551971,
2165, 3462372,
2166, 2755817,
2167, 2702058,
2168, 2829204,
2169, 3094588,
2170, 3056615,
2171, 2605632,
2172, 2856511,
2173, 5185238,
2174, 3057042,
2175, 2733631,
2176, 2724245,
2177, 2764778,
2178, 3634744,
2179, 4902787,
2180, 2964883,
2181, 2718271,
2182, 2890217,
2183, 2920936,
2184, 2475927,
2185, 2449900,
2186, 2514327,
2187, 2578326,
2188, 2508779,
2189, 2947816,
2190, 2527980,
2191, 2536939,
2192, 2667072,
2193, 2409367,
2194, 2479340,
2195, 2417047,
2196, 2423874,
2197, 2595392,
2198, 2466540,
2199, 2589846,
2200, 2764778,
2201, 2697365,
2202, 2535233,
2203, 2457153,
2204, 2551446,
2205, 2411501,
2206, 2422167,
2207, 2411073,
2208, 2568939,
2209, 2538220,
2210, 2521580,
2211, 2420034,
2212, 2534379,
2213, 2545473,
2214, 2563820,
2215, 2514326,
2216, 2501954,
2217, 2615019,
2218, 2794644,
2219, 2416194,
2220, 2463980,
2221, 2448620,
2222, 2530112,
2223, 2455020,
2224, 2428994,
2225, 2576619,
2226, 2697791,
2227, 3596344,
2228, 2875283,
2229, 2779711,
2230, 2452034,
2231, 2900883,
2232, 2407660,
2233, 2730645,
2234, 2419180,
2235, 2415340,
2236, 2778857,
2237, 2488727,
2238, 2601366,
2239, 2558700,
2240, 2493420,
2241, 2603926,
2242, 2446487,
2243, 2574912,
2244, 2395288,
2245, 2426433,
2246, 3152615,
2247, 2729791,
2248, 2443073,
2249, 2629098,
2250, 2766911,
2251, 2397847,
2252, 2905577,
2253, 2486166,
2254, 2510060,
2255, 2437527,
2256, 2421314,
2257, 2799764,
2258, 2469954,
2259, 2401687,
2260, 2507499,
2261, 2484033,
2262, 2458006,
2263, 2483180,
2264, 2483180,
2265, 2808297,
2266, 2504086,
2267, 2491713,
2268, 2442647,
2269, 2632938,
2270, 2929469,
2271, 2431553,
2272, 2561259,
2273, 2516887,
2274, 2498540,
2275, 3025469,
2276, 3831009,
2277, 3590798,
2278, 3550691,
2279, 2559979,
2280, 2589846,
2281, 2420461,
2282, 2423447,
2283, 2472086,
2284, 2498540,
2285, 2683285,
2286, 2461420,
2287, 2700778,
2288, 2483607,
2289, 2405527,
2290, 2461420,
2291, 2485313,
2292, 2505366,
2293, 2402114,
2294, 2492566,
2295, 2593685,
2296, 2792084,
2297, 2682432,
2298, 2534379,
2299, 2426434,
2300, 3721783,
2301, 2456726,
2302, 2387180,
2303, 2476780,
2304, 2656832,
2305, 3081362,
2306, 2449474,
2307, 2443927,
2308, 4959533,
2309, 2815977,
2310, 2476353,
2311, 2409367,
2312, 2527980,
2313, 2722965,
2314, 2570219,
2315, 2421314,
2316, 2576620,
2317, 2705471,
2318, 2512619,
2319, 2497687,
2320, 2531393,
2321, 2416620,
2322, 5602941,
2323, 2537367,
2324, 2418753,
2325, 2453740,
2326, 2536940,
2327, 2500673,
2328, 2448620,
2329, 2613312,
2330, 2422594,
2331, 4053300,
2332, 2432834,
2333, 2445634,
2334, 2466113,
2335, 2454167,
2336, 2445634,
2337, 2625259,
2338, 2446060,
2339, 2433261,
2340, 2395288,
2341, 2399127,
2342, 2519873,
2343, 2957203,
2344, 2443074,
2345, 2606059,
2346, 2524566,
2347, 5523155,
2348, 2429847,
2349, 2475073,
2350, 2490007,
2351, 2776298,
2352, 2404247,
2353, 2476353,
2354, 2883390,
2355, 2404247,
2356, 2450326,
2357, 2415340,
2358, 2572353,
2359, 2469100,
2360, 2412354,
2361, 2617579,
2362, 2450753,
2363, 2511766,
2364, 2533526,
2365, 2405100,
2366, 2451607,
2367, 2611606,
2368, 2724671,
2369, 2579605,
2370, 2772031,
2371, 2405527,
2372, 2865470,
2373, 2538220,
